<?xml version="1.0" standalone="yes"?>  <DATAPACKET Version="2.0"><METADATA><FIELDS><FIELD attrname="ArticleID" fieldtype="i4"/><FIELD attrname="AuthorID" fieldtype="i4"/></FIELDS><PARAMS/></METADATA><ROWDATA><ROW ArticleID="1" AuthorID="1"/><ROW ArticleID="2" AuthorID="1"/><ROW ArticleID="3" AuthorID="1"/><ROW ArticleID="4" AuthorID="1"/><ROW ArticleID="5" AuthorID="1"/><ROW ArticleID="6" AuthorID="1"/><ROW ArticleID="7" AuthorID="1"/><ROW ArticleID="8" AuthorID="1"/><ROW ArticleID="9" AuthorID="1"/><ROW ArticleID="10" AuthorID="1"/><ROW ArticleID="11" AuthorID="1"/><ROW ArticleID="12" AuthorID="1"/><ROW ArticleID="13" AuthorID="1"/><ROW ArticleID="14" AuthorID="1"/><ROW ArticleID="15" AuthorID="1"/><ROW ArticleID="16" AuthorID="1"/><ROW ArticleID="17" AuthorID="1"/><ROW ArticleID="18" AuthorID="1"/><ROW ArticleID="19" AuthorID="1"/><ROW ArticleID="20" AuthorID="1"/><ROW ArticleID="21" AuthorID="1"/><ROW ArticleID="22" AuthorID="1"/><ROW ArticleID="23" AuthorID="1"/><ROW ArticleID="24" AuthorID="1"/><ROW ArticleID="25" AuthorID="1"/><ROW ArticleID="26" AuthorID="1"/><ROW ArticleID="27" AuthorID="1"/><ROW ArticleID="28" AuthorID="1"/><ROW ArticleID="29" AuthorID="1"/><ROW ArticleID="30" AuthorID="1"/><ROW ArticleID="31" AuthorID="1"/><ROW ArticleID="32" AuthorID="1"/><ROW ArticleID="33" AuthorID="1"/><ROW ArticleID="34" AuthorID="1"/><ROW ArticleID="35" AuthorID="1"/><ROW ArticleID="36" AuthorID="1"/><ROW ArticleID="37" AuthorID="1"/><ROW ArticleID="38" AuthorID="1"/><ROW ArticleID="39" AuthorID="1"/><ROW ArticleID="40" AuthorID="1"/><ROW ArticleID="41" AuthorID="1"/><ROW ArticleID="42" AuthorID="1"/><ROW ArticleID="43" AuthorID="1"/><ROW ArticleID="44" AuthorID="1"/><ROW ArticleID="45" AuthorID="1"/><ROW ArticleID="46" AuthorID="1"/><ROW ArticleID="47" AuthorID="1"/><ROW ArticleID="48" AuthorID="1"/><ROW ArticleID="49" AuthorID="1"/><ROW ArticleID="50" AuthorID="1"/><ROW ArticleID="51" AuthorID="1"/><ROW ArticleID="52" AuthorID="1"/><ROW ArticleID="53" AuthorID="1"/><ROW ArticleID="54" AuthorID="1"/><ROW ArticleID="55" AuthorID="1"/><ROW ArticleID="56" AuthorID="1"/><ROW ArticleID="57" AuthorID="1"/><ROW ArticleID="58" AuthorID="1"/><ROW ArticleID="59" AuthorID="1"/><ROW ArticleID="60" AuthorID="1"/><ROW ArticleID="61" AuthorID="1"/><ROW ArticleID="62" AuthorID="1"/><ROW ArticleID="63" AuthorID="1"/><ROW ArticleID="64" AuthorID="1"/><ROW ArticleID="65" AuthorID="1"/><ROW ArticleID="66" AuthorID="1"/><ROW ArticleID="67" AuthorID="1"/><ROW ArticleID="68" AuthorID="1"/><ROW ArticleID="69" AuthorID="1"/><ROW ArticleID="70" AuthorID="1"/><ROW ArticleID="71" AuthorID="1"/><ROW ArticleID="72" AuthorID="1"/><ROW ArticleID="73" AuthorID="1"/><ROW ArticleID="74" AuthorID="1"/><ROW ArticleID="75" AuthorID="1"/><ROW ArticleID="76" AuthorID="1"/><ROW ArticleID="77" AuthorID="1"/><ROW ArticleID="78" AuthorID="1"/><ROW ArticleID="79" AuthorID="1"/><ROW ArticleID="80" AuthorID="1"/><ROW ArticleID="81" AuthorID="1"/><ROW ArticleID="82" AuthorID="1"/><ROW ArticleID="83" AuthorID="1"/><ROW ArticleID="84" AuthorID="1"/><ROW ArticleID="85" AuthorID="1"/><ROW ArticleID="86" AuthorID="1"/><ROW ArticleID="87" AuthorID="1"/><ROW ArticleID="88" AuthorID="1"/><ROW ArticleID="89" AuthorID="1"/><ROW ArticleID="90" AuthorID="1"/><ROW ArticleID="91" AuthorID="1"/><ROW ArticleID="92" AuthorID="1"/><ROW ArticleID="93" AuthorID="1"/><ROW ArticleID="94" AuthorID="1"/><ROW ArticleID="95" AuthorID="1"/><ROW ArticleID="96" AuthorID="1"/><ROW ArticleID="23" AuthorID="666"/></ROWDATA></DATAPACKET>