<?xml version="1.0" standalone="yes"?>  <DATAPACKET Version="2.0"><METADATA><FIELDS><FIELD attrname="ArticleID" fieldtype="i4"/><FIELD attrname="MagazineID" fieldtype="i4"/><FIELD attrname="IssueID" fieldtype="i4"/><FIELD attrname="Title" fieldtype="string" WIDTH="128"/></FIELDS><PARAMS/></METADATA><ROWDATA><ROW ArticleID="1" MagazineID="1" IssueID="1" Title="Under Construction: Build Your Own Components"/><ROW ArticleID="2" MagazineID="1" IssueID="2" Title="Under Construction: Tic-Tac-Toe"/><ROW ArticleID="3" MagazineID="1" IssueID="3" Title="Under Construction: Customising Controls"/><ROW ArticleID="4" MagazineID="1" IssueID="4" Title="Under Construction: Component Help"/><ROW ArticleID="5" MagazineID="1" IssueID="5" Title="Under Construction: Custom Events"/><ROW ArticleID="6" MagazineID="1" IssueID="6" Title="Under Construction: Property Editors"/><ROW ArticleID="7" MagazineID="1" IssueID="7" Title="Under Construction: Data-Aware Components"/><ROW ArticleID="8" MagazineID="1" IssueID="8" Title="Under Construction: Component Editors"/><ROW ArticleID="9" MagazineID="1" IssueID="9" Title="Under Construction: Components For Workgroups 1"/><ROW ArticleID="10" MagazineID="1" IssueID="10" Title="Under Construction: Version Control Systems"/><ROW ArticleID="11" MagazineID="1" IssueID="11" Title="Under Construction: Whats New?"/><ROW ArticleID="12" MagazineID="1" IssueID="12" Title="Under Construction: A Hex Viewer And Editor"/><ROW ArticleID="13" MagazineID="1" IssueID="13" Title="Under Construction: AddIn Experts"/><ROW ArticleID="14" MagazineID="1" IssueID="14" Title="Under Construction: Testing And Debugging"/><ROW ArticleID="15" MagazineID="1" IssueID="15" Title="Under Construction: Delphi 2 and CGI"/><ROW ArticleID="16" MagazineID="1" IssueID="16" Title="Under Construction: Knowledge Based Solutions"/><ROW ArticleID="17" MagazineID="1" IssueID="17" Title="Under Construction: TRuleBase Component"/><ROW ArticleID="18" MagazineID="1" IssueID="18" Title="Under Construction: Talking DDE To ProgMan"/><ROW ArticleID="19" MagazineID="1" IssueID="19" Title="Under Construction: A Delphi 2.01 CGI Debugger"/><ROW ArticleID="20" MagazineID="1" IssueID="20" Title="Under Construction: Multi-Threading In Components"/><ROW ArticleID="21" MagazineID="1" IssueID="21" Title="Under Construction: Delphi Wizard Magic"/><ROW ArticleID="22" MagazineID="1" IssueID="22" Title="Under Construction: Delphi 3 ActiveForms"/><ROW ArticleID="23" MagazineID="1" IssueID="23" Title="Under Construction: Delphi 3 Packages"/><ROW ArticleID="24" MagazineID="1" IssueID="24" Title="Under Construction: Delphi 3 Web Modules, Part 1"/><ROW ArticleID="25" MagazineID="1" IssueID="25" Title="Under Construction: Delphi 3 Web Modules, Part 2"/><ROW ArticleID="26" MagazineID="1" IssueID="26" Title="Under Construction: Homepage Hit Counter"/><ROW ArticleID="27" MagazineID="1" IssueID="27" Title="Under Construction: TBrokenLink Component"/><ROW ArticleID="28" MagazineID="1" IssueID="28" Title="Under Construction: Assertions"/><ROW ArticleID="29" MagazineID="1" IssueID="29" Title="Under Construction: Website Indexing, Part 1"/><ROW ArticleID="30" MagazineID="1" IssueID="30" Title="Under Construction: Website Indexing, Part 2"/><ROW ArticleID="31" MagazineID="1" IssueID="31" Title="Under Construction: A Simple Spelling Checker"/><ROW ArticleID="32" MagazineID="1" IssueID="32" Title="Under Construction: A Query HTML CGI-Form Wizard"/><ROW ArticleID="33" MagazineID="1" IssueID="33" Title="Under Construction: Internet Database Applications"/><ROW ArticleID="34" MagazineID="1" IssueID="34" Title="Under Construction: Database Web Server Extensions"/><ROW ArticleID="35" MagazineID="1" IssueID="35" Title="Under Construction: Automated Email"/><ROW ArticleID="36" MagazineID="1" IssueID="36" Title="Under Construction: Intelligent Agents: RobotBob"/><ROW ArticleID="37" MagazineID="1" IssueID="37" Title="Under Construction: Delphi 4 Web Broker Technology"/><ROW ArticleID="38" MagazineID="1" IssueID="38" Title="Under Construction: MIDAS, CORBA And TClientDataSet"/><ROW ArticleID="39" MagazineID="1" IssueID="39" Title="Under Construction: Website Visitor Tracking"/><ROW ArticleID="40" MagazineID="1" IssueID="40" Title="Under Construction: Surfin&apos; Your Surfers With TDecisionCube"/><ROW ArticleID="41" MagazineID="1" IssueID="41" Title="Under Construction: Usenet News Reading"/><ROW ArticleID="42" MagazineID="1" IssueID="42" Title="Under Construction: Usenet News Reading, Part 2"/><ROW ArticleID="43" MagazineID="1" IssueID="43" Title="Under Construction: Delphi 4 and CORBA"/><ROW ArticleID="44" MagazineID="1" IssueID="44" Title="Under Construction: Delphi 4 And Java"/><ROW ArticleID="45" MagazineID="1" IssueID="45" Title="Under Construction: Delphi 4 And Java, Part 2"/><ROW ArticleID="46" MagazineID="1" IssueID="46" Title="Under Construction: Delphi 4 Nested Tables"/><ROW ArticleID="47" MagazineID="1" IssueID="47" Title="Under Construction: Creative Debugging Techniques"/><ROW ArticleID="48" MagazineID="1" IssueID="48" Title="Under Construction: Delphi Goes Dynamic"/><ROW ArticleID="49" MagazineID="1" IssueID="49" Title="Under Construction: Distributed Efficiency"/><ROW ArticleID="50" MagazineID="1" IssueID="50" Title="Under Construction: Delphi 5 InternetExpress (1)"/><ROW ArticleID="51" MagazineID="1" IssueID="51" Title="Under Construction: Delphi 5 InternetExpress (2)"/><ROW ArticleID="52" MagazineID="1" IssueID="52" Title="Under Construction: Delphi 5 InternetExpress (3)"/><ROW ArticleID="53" MagazineID="1" IssueID="53" Title="Under Construction: Delphi 5 WebBroker Stuff"/><ROW ArticleID="54" MagazineID="1" IssueID="54" Title="Under Construction: VisiBroker for Delphi 5"/><ROW ArticleID="55" MagazineID="1" IssueID="55" Title="Under Construction: Internet Security"/><ROW ArticleID="56" MagazineID="1" IssueID="56" Title="Under Construction: CORBA Exceptions In Delphi"/><ROW ArticleID="57" MagazineID="1" IssueID="57" Title="Under Construction: Delphi 5 And MIDAS 3"/><ROW ArticleID="58" MagazineID="1" IssueID="58" Title="Under Construction: Delphi 5 Active Server Objects"/><ROW ArticleID="59" MagazineID="1" IssueID="59" Title="Under Construction: Delphi 5 Active Server Objects (2)"/><ROW ArticleID="60" MagazineID="1" IssueID="60" Title="Under Construction: Pooling And Brokering"/><ROW ArticleID="61" MagazineID="1" IssueID="61" Title="Under Construction: Strings"/><ROW ArticleID="62" MagazineID="1" IssueID="62" Title="Under Construction: Local ClientDataSets (1)"/><ROW ArticleID="63" MagazineID="1" IssueID="63" Title="Under Construction: Local ClientDataSets (2)"/><ROW ArticleID="64" MagazineID="1" IssueID="64" Title="Under Construction: Wireless Application Protocol (1)"/><ROW ArticleID="65" MagazineID="1" IssueID="65" Title="Under Construction: Wireless Application Protocol (2)"/><ROW ArticleID="66" MagazineID="1" IssueID="66" Title="Under Construction: VisiBroker 3.3 for Delphi 5"/><ROW ArticleID="67" MagazineID="1" IssueID="67" Title="Under Construction: VisiBroker 3.3 for Delphi 5"/><ROW ArticleID="68" MagazineID="1" IssueID="68" Title="Under Construction: Data-Awareness and Interfaces"/><ROW ArticleID="69" MagazineID="1" IssueID="69" Title="Under Construction: DataCLX and dbExpress"/><ROW ArticleID="70" MagazineID="1" IssueID="70" Title="Under Construction: WebBroker for Linux"/><ROW ArticleID="71" MagazineID="1" IssueID="71" Title="Under Construction: Kylix Desktop Does CGI Too"/><ROW ArticleID="72" MagazineID="1" IssueID="72" Title="Under Construction: Delphi 6 Web Services"/><ROW ArticleID="73" MagazineID="1" IssueID="73" Title="Under Construction: Delphi 6 WebSnap (1)"/><ROW ArticleID="74" MagazineID="1" IssueID="74" Title="Under Construction: Delphi 6 WebSnap (2)"/><ROW ArticleID="75" MagazineID="1" IssueID="75" Title="Under Construction: Delphi 6 WebSnap (3)"/><ROW ArticleID="76" MagazineID="1" IssueID="76" Title="Under Construction: Delphi 6 DataSnap Connections"/><ROW ArticleID="77" MagazineID="1" IssueID="77" Title="Under Construction: Delphi 6 DataSnap and SOAP"/><ROW ArticleID="78" MagazineID="1" IssueID="78" Title="Under Construction: DataSnap Sockets And Interceptions"/><ROW ArticleID="79" MagazineID="1" IssueID="79" Title="Under Construction: ISAPI Filters, Part 1"/><ROW ArticleID="80" MagazineID="1" IssueID="80" Title="Under Construction: ISAPI Filters, Part 2"/><ROW ArticleID="81" MagazineID="1" IssueID="81" Title="Under Construction: Delphi 6.02 Web Services"/><ROW ArticleID="82" MagazineID="1" IssueID="82" Title="Under Construction: Real-World WebSnap Techniques"/><ROW ArticleID="83" MagazineID="1" IssueID="83" Title="Under Construction: Real-World WebSnap Techniques"/><ROW ArticleID="84" MagazineID="1" IssueID="84" Title="Under Construction: Transactional Data Modules"/><ROW ArticleID="85" MagazineID="1" IssueID="85" Title="Under Construction: Transactional Data Modules (2)"/><ROW ArticleID="86" MagazineID="1" IssueID="86" Title="Under Construction: Encrypted ClientDataSets"/><ROW ArticleID="87" MagazineID="1" IssueID="87" Title="Under Construction: Delphi 7 SOAP And UDDI"/><ROW ArticleID="88" MagazineID="1" IssueID="88" Title="Under Construction: Delphi, dbExpress And MySQL"/><ROW ArticleID="89" MagazineID="1" IssueID="89" Title="Under Construction: Delphi, dbExpress And MySQL, On The Web"/><ROW ArticleID="90" MagazineID="1" IssueID="90" Title="Under Construction: MySQL Data Access Libraries"/><ROW ArticleID="91" MagazineID="1" IssueID="91" Title="Under Construction: Distributed Apps On The Cheap"/><ROW ArticleID="92" MagazineID="1" IssueID="92" Title="Under Construction: DCon Planning With IntraWeb 5.1"/><ROW ArticleID="93" MagazineID="1" IssueID="93" Title="Under Construction: DCon Planning With Delphi And ASP.NET"/><ROW ArticleID="94" MagazineID="1" IssueID="94" Title="Under Construction: Delphi For .NET, ODBC.NET, ADO.NET And MySQL"/><ROW ArticleID="95" MagazineID="1" IssueID="95" Title="Under Construction: ASP.NET Web Services"/><ROW ArticleID="96" MagazineID="1" IssueID="96" Title="Under Construction: Database Normalisation"/><ROW ArticleID="97" MagazineID="1" IssueID="97"/></ROWDATA></DATAPACKET>