<?xml version="1.0" standalone="yes"?>  <DATAPACKET Version="2.0"><METADATA><FIELDS><FIELD attrname="IssueID" fieldtype="i4"/><FIELD attrname="MagazineID" fieldtype="i4"/><FIELD attrname="Volume" fieldtype="i4"/><FIELD attrname="Number" fieldtype="i4"/><FIELD attrname="Date" fieldtype="string" WIDTH="7"/></FIELDS><PARAMS/></METADATA><ROWDATA><ROW IssueID="1" MagazineID="1" Volume="1" Number="1" Date="1995/04"/><ROW IssueID="2" MagazineID="1" Volume="1" Number="2" Date="1995/07"/><ROW IssueID="3" MagazineID="1" Volume="1" Number="3" Date="1995/09"/><ROW IssueID="4" MagazineID="1" Volume="1" Number="4" Date="1995/11"/><ROW IssueID="7" MagazineID="1" Volume="1" Number="7" Date="1996/03"/><ROW IssueID="6" MagazineID="1" Volume="1" Number="6" Date="1996/02"/><ROW IssueID="5" MagazineID="1" Volume="1" Number="5" Date="1996/01"/><ROW IssueID="8" MagazineID="1" Volume="1" Number="8" Date="1996/04"/><ROW IssueID="9" MagazineID="1" Volume="1" Number="9" Date="1996/05"/><ROW IssueID="10" MagazineID="1" Volume="1" Number="10" Date="1996/06"/><ROW IssueID="11" MagazineID="1" Volume="1" Number="11" Date="1996/07"/><ROW IssueID="12" MagazineID="1" Volume="1" Number="12" Date="1996/08"/><ROW IssueID="13" MagazineID="1" Volume="1" Number="13" Date="1996/09"/><ROW IssueID="14" MagazineID="1" Volume="1" Number="14" Date="1996/10"/><ROW IssueID="15" MagazineID="1" Volume="1" Number="15" Date="1996/11"/><ROW IssueID="16" MagazineID="1" Volume="1" Number="16" Date="1996/12"/><ROW IssueID="17" MagazineID="1" Volume="1" Number="17" Date="1997/01"/><ROW IssueID="18" MagazineID="1" Volume="1" Number="18" Date="1997/02"/><ROW IssueID="19" MagazineID="1" Volume="1" Number="19" Date="1997/03"/><ROW IssueID="20" MagazineID="1" Volume="1" Number="20" Date="1997/04"/><ROW IssueID="21" MagazineID="1" Volume="1" Number="21" Date="1997/05"/><ROW IssueID="22" MagazineID="1" Volume="1" Number="22" Date="1997/06"/><ROW IssueID="23" MagazineID="1" Volume="1" Number="23" Date="1997/07"/><ROW IssueID="24" MagazineID="1" Volume="1" Number="24" Date="1997/08"/><ROW IssueID="25" MagazineID="1" Volume="1" Number="25" Date="1997/09"/><ROW IssueID="26" MagazineID="1" Volume="1" Number="26" Date="1997/10"/><ROW IssueID="27" MagazineID="1" Volume="1" Number="27" Date="1997/11"/><ROW IssueID="28" MagazineID="1" Volume="1" Number="28" Date="1997/12"/><ROW IssueID="29" MagazineID="1" Volume="1" Number="29" Date="1998/01"/><ROW IssueID="30" MagazineID="1" Volume="1" Number="30" Date="1998/02"/><ROW IssueID="31" MagazineID="1" Volume="1" Number="31" Date="1998/03"/><ROW IssueID="32" MagazineID="1" Volume="1" Number="32" Date="1998/04"/><ROW IssueID="33" MagazineID="1" Volume="1" Number="33" Date="1998/05"/><ROW IssueID="34" MagazineID="1" Volume="1" Number="34" Date="1998/06"/><ROW IssueID="35" MagazineID="1" Volume="1" Number="35" Date="1998/07"/><ROW IssueID="36" MagazineID="1" Volume="1" Number="36" Date="1998/08"/><ROW IssueID="37" MagazineID="1" Volume="1" Number="37" Date="1998/09"/><ROW IssueID="38" MagazineID="1" Volume="1" Number="38" Date="1998/10"/><ROW IssueID="39" MagazineID="1" Volume="1" Number="39" Date="1998/11"/><ROW IssueID="40" MagazineID="1" Volume="1" Number="40" Date="1998/12"/><ROW IssueID="41" MagazineID="1" Volume="1" Number="41" Date="1999/01"/><ROW IssueID="42" MagazineID="1" Volume="1" Number="42" Date="1999/02"/><ROW IssueID="43" MagazineID="1" Volume="1" Number="43" Date="1999/03"/><ROW IssueID="44" MagazineID="1" Volume="1" Number="44" Date="1999/04"/><ROW IssueID="45" MagazineID="1" Volume="1" Number="45" Date="1999/05"/><ROW IssueID="46" MagazineID="1" Volume="1" Number="46" Date="1999/06"/><ROW IssueID="47" MagazineID="1" Volume="1" Number="47" Date="1999/07"/><ROW IssueID="48" MagazineID="1" Volume="1" Number="48" Date="1999/08"/><ROW IssueID="49" MagazineID="1" Volume="1" Number="49" Date="1999/09"/><ROW IssueID="50" MagazineID="1" Volume="1" Number="50" Date="1999/10"/><ROW IssueID="51" MagazineID="1" Volume="1" Number="51" Date="1999/11"/><ROW IssueID="52" MagazineID="1" Volume="1" Number="52" Date="1999/12"/><ROW IssueID="53" MagazineID="1" Volume="1" Number="53" Date="2000/01"/><ROW IssueID="54" MagazineID="1" Volume="1" Number="54" Date="2000/02"/><ROW IssueID="55" MagazineID="1" Volume="1" Number="55" Date="2000/03"/><ROW IssueID="56" MagazineID="1" Volume="1" Number="56" Date="2000/04"/><ROW IssueID="57" MagazineID="1" Volume="1" Number="57" Date="2000/05"/><ROW IssueID="58" MagazineID="1" Volume="1" Number="58" Date="2000/06"/><ROW IssueID="59" MagazineID="1" Volume="1" Number="59" Date="2000/07"/><ROW IssueID="60" MagazineID="1" Volume="1" Number="60" Date="2000/08"/><ROW IssueID="61" MagazineID="1" Volume="1" Number="61" Date="2000/09"/><ROW IssueID="62" MagazineID="1" Volume="1" Number="62" Date="2000/10"/><ROW IssueID="63" MagazineID="1" Volume="1" Number="63" Date="2000/11"/><ROW IssueID="64" MagazineID="1" Volume="1" Number="64" Date="2000/12"/><ROW IssueID="65" MagazineID="1" Volume="1" Number="65" Date="2001/01"/><ROW IssueID="66" MagazineID="1" Volume="1" Number="66" Date="2001/02"/><ROW IssueID="67" MagazineID="1" Volume="1" Number="67" Date="2001/03"/><ROW IssueID="68" MagazineID="1" Volume="1" Number="68" Date="2001/04"/><ROW IssueID="69" MagazineID="1" Volume="1" Number="69" Date="2001/05"/><ROW IssueID="70" MagazineID="1" Volume="1" Number="70" Date="2001/06"/><ROW IssueID="71" MagazineID="1" Volume="1" Number="71" Date="2001/07"/><ROW IssueID="72" MagazineID="1" Volume="1" Number="72" Date="2001/08"/><ROW IssueID="73" MagazineID="1" Volume="1" Number="73" Date="2001/09"/><ROW IssueID="74" MagazineID="1" Volume="1" Number="74" Date="2001/10"/><ROW IssueID="75" MagazineID="1" Volume="1" Number="75" Date="2001/11"/><ROW IssueID="76" MagazineID="1" Volume="1" Number="76" Date="2001/12"/><ROW IssueID="77" MagazineID="1" Volume="1" Number="77" Date="2002/01"/><ROW IssueID="78" MagazineID="1" Volume="1" Number="78" Date="2002/02"/><ROW IssueID="79" MagazineID="1" Volume="1" Number="79" Date="2002/03"/><ROW IssueID="80" MagazineID="1" Volume="1" Number="80" Date="2002/04"/><ROW IssueID="81" MagazineID="1" Volume="1" Number="81" Date="2002/05"/><ROW IssueID="82" MagazineID="1" Volume="1" Number="82" Date="2002/06"/><ROW IssueID="83" MagazineID="1" Volume="1" Number="83" Date="2002/07"/><ROW IssueID="84" MagazineID="1" Volume="1" Number="84" Date="2002/08"/><ROW IssueID="85" MagazineID="1" Volume="1" Number="85" Date="2002/09"/><ROW IssueID="86" MagazineID="1" Volume="1" Number="86" Date="2002/10"/><ROW IssueID="87" MagazineID="1" Volume="1" Number="87" Date="2002/11"/><ROW IssueID="88" MagazineID="1" Volume="1" Number="88" Date="2002/12"/><ROW IssueID="89" MagazineID="1" Volume="1" Number="89" Date="2003/01"/><ROW IssueID="90" MagazineID="1" Volume="1" Number="90" Date="2003/02"/><ROW IssueID="91" MagazineID="1" Volume="1" Number="91" Date="2003/03"/><ROW IssueID="92" MagazineID="1" Volume="1" Number="92" Date="2003/04"/><ROW IssueID="93" MagazineID="1" Volume="1" Number="93" Date="2003/05"/><ROW IssueID="94" MagazineID="1" Volume="1" Number="94" Date="2003/06"/><ROW IssueID="95" MagazineID="1" Volume="1" Number="95" Date="2003/07"/><ROW IssueID="96" MagazineID="1" Volume="1" Number="96" Date="2003/08"/><ROW IssueID="97" MagazineID="1" Volume="1" Number="97" Date="2003/09"/></ROWDATA></DATAPACKET>